{
  "Author": "Speakingevil",
  "Compatibility": "Compatible",
  "DefuserDifficulty": "Hard",
  "Description": "Toggle the numbers in the 4x4x4x4 grid so that the numbers in each hyperplane sum to the desired values.",
  "ExpertDifficulty": "Hard",
  "ModuleID": "hyperrullo",
  "Name": "Hyperrullo",
  "Origin": "Mods",
  "Published": "2023-06-27",
  "SortKey": "HYPERRULLO",
  "SourceUrl": "https://github.com/Speakingevil/hyperrullo",
  "SteamID": "2995608873",
  "Symbol": "Hrl",
  "Type": "Regular"
}